front,back
roguelike-deck-render-color_1,roguelike-deck-render-color_2
roguelike-deck-render-color_3,roguelike-deck-render-color_4
roguelike-deck-render-color_5,roguelike-deck-render-color_6
roguelike-deck-render-color_7,roguelike-deck-render-color_8
roguelike-deck-render-color_9,roguelike-deck-render-color_10
roguelike-deck-render-color_11,roguelike-deck-render-color_12
roguelike-deck-render-color_13,roguelike-deck-render-color_14
roguelike-deck-render-color_15,roguelike-deck-render-color_16
roguelike-deck-render-color_17,roguelike-deck-render-color_18
roguelike-deck-render-color_19,roguelike-deck-render-color_20
roguelike-deck-render-color_21,roguelike-deck-render-color_22
roguelike-deck-render-color_23,roguelike-deck-render-color_24
roguelike-deck-render-color_25,roguelike-deck-render-color_26
roguelike-deck-render-color_27,roguelike-deck-render-color_28
roguelike-deck-render-color_29,roguelike-deck-render-color_30
roguelike-deck-render-color_31,roguelike-deck-render-color_32
roguelike-deck-render-color_33,roguelike-deck-render-color_34
roguelike-deck-render-color_35,roguelike-deck-render-color_36
roguelike-deck-render-color_37,roguelike-deck-render-color_38
roguelike-deck-render-color_39,roguelike-deck-render-color_40
roguelike-deck-render-color_41,roguelike-deck-render-color_42
roguelike-deck-render-color_43,roguelike-deck-render-color_44
roguelike-deck-render-color_45,roguelike-deck-render-color_46
roguelike-deck-render-color_47,roguelike-deck-render-color_48
roguelike-deck-render-color_49,roguelike-deck-render-color_50
roguelike-deck-render-color_51,roguelike-deck-render-color_52
roguelike-deck-render-color_53,roguelike-deck-render-color_54
roguelike-deck-render-color_55,roguelike-deck-render-color_56
roguelike-deck-render-color_57,roguelike-deck-render-color_58
roguelike-deck-render-color_59,roguelike-deck-render-color_60
roguelike-deck-render-color_61,roguelike-deck-render-color_62
roguelike-deck-render-color_63,roguelike-deck-render-color_64
roguelike-deck-render-color_65,roguelike-deck-render-color_66
roguelike-deck-render-color_67,roguelike-deck-render-color_68
roguelike-deck-render-color_69,roguelike-deck-render-color_70
roguelike-deck-render-color_71,roguelike-deck-render-color_72
roguelike-deck-render-color_73,roguelike-deck-render-color_74
roguelike-deck-render-color_75,roguelike-deck-render-color_76
roguelike-deck-render-color_77,roguelike-deck-render-color_78
roguelike-deck-render-color_79,roguelike-deck-render-color_80
roguelike-deck-render-color_81,roguelike-deck-render-color_82
roguelike-deck-render-color_83,roguelike-deck-render-color_84
roguelike-deck-render-color_85,roguelike-deck-render-color_86
roguelike-deck-render-color_87,roguelike-deck-render-color_88
roguelike-deck-render-color_89,roguelike-deck-render-color_90
roguelike-deck-render-color_91,roguelike-deck-render-color_92
roguelike-deck-render-color_93,roguelike-deck-render-color_94
roguelike-deck-render-color_95,roguelike-deck-render-color_96
roguelike-deck-render-color_97,roguelike-deck-render-color_98
roguelike-deck-render-color_99,roguelike-deck-render-color_100
roguelike-deck-render-color_101,roguelike-deck-render-color_102
roguelike-deck-render-color_103,roguelike-deck-render-color_104
roguelike-deck-render-color_105,roguelike-deck-render-color_106
roguelike-deck-render-color_107,roguelike-deck-render-color_108
roguelike-deck-render-color_109,roguelike-deck-render-color_110
roguelike-deck-render-color_111,roguelike-deck-render-color_112
roguelike-deck-render-color_113,roguelike-deck-render-color_114
roguelike-deck-render-color_115,roguelike-deck-render-color_116
roguelike-deck-render-color_117,roguelike-deck-render-color_118
roguelike-deck-render-color_119,roguelike-deck-render-color_120
roguelike-deck-render-color_121,roguelike-deck-render-color_122
roguelike-deck-render-color_123,roguelike-deck-render-color_124
roguelike-deck-render-color_125,roguelike-deck-render-color_126
roguelike-deck-render-color_127,roguelike-deck-render-color_128
roguelike-deck-render-color_129,roguelike-deck-render-color_130
roguelike-deck-render-color_131,roguelike-deck-render-color_132
roguelike-deck-render-color_133,roguelike-deck-render-color_134
roguelike-deck-render-color_135,roguelike-deck-render-color_136
roguelike-deck-render-color_137,roguelike-deck-render-color_138
roguelike-deck-render-color_139,roguelike-deck-render-color_140
roguelike-deck-render-color_141,roguelike-deck-render-color_142
roguelike-deck-render-color_143,roguelike-deck-render-color_144
roguelike-deck-render-color_145,roguelike-deck-render-color_146
roguelike-deck-render-color_147,roguelike-deck-render-color_148
roguelike-deck-render-color_149,roguelike-deck-render-color_150
roguelike-deck-render-color_151,roguelike-deck-render-color_152
roguelike-deck-render-color_153,roguelike-deck-render-color_154
roguelike-deck-render-color_155,roguelike-deck-render-color_156